productId,brand,productName,seoName,companyName,category,subcategory,price,price_multipack,multipack_quantity,currency,pack_size,description,ingredients,retailers_available,packaging_attributes.packaging_type,market_position.market_maturity,market_position.price_tier,market_position.seasonality,target_user_1_segment,target_user_1_motivation,target_user_2_segment,target_user_2_motivation,target_user_3_segment,target_user_3_motivation,usage_1_scenario,usage_1_frequency,usage_2_scenario,usage_2_frequency,usage_3_scenario,usage_3_frequency,usage_4_scenario,usage_4_frequency,companion_products_count,companion_1_type,companion_1_relationship,companion_2_type,companion_2_relationship,companion_3_type,companion_3_relationship,companion_4_type,companion_4_relationship,companion_5_type,companion_5_relationship,labels
cmkgr8yh2003e3b7ech94uvrc,Double Dutch,Cucumber & Watermelon,cucumber-watermelon,Double Dutch,Soft Drinks,Tonic Water & Mixers,0.72,2.9,4,GBP,200ml,"A premium, ready-to-drink mixer combining refreshing cucumber and sweet watermelon natural flavours in a lightly carbonated base. Low-calorie and crafted to complement gin, vodka and other spirits or to be enjoyed on its own as a flavorful soft drink. Ideal for at-home cocktails, entertaining, and on-the-go refreshment.","Carbonated Water, Sugar, Natural Flavourings, Acid (Citric Acid), Antioxidant (Ascorbic Acid)",Ocado,bottle,growing,premium,summer,Cocktail enthusiasts,"Want high-quality, distinctive mixers that elevate drinks without needing fresh ingredients or complex recipes",Young professionals,"Seek convenient, stylish beverage options that signal taste and pair well with popular spirits",Health-conscious social drinkers,"Prefer low-calorie, flavorful mixers to reduce alcohol intake or overall calories while maintaining a social drinking experience",Premium G&T serve at home,weekly,Cocktail party mixer,occasional,Refreshing non-alcoholic drink,seasonal,Home bartending experimentation,monthly,5,Gin,complementary,Vodka,complementary,"Ice & garnish (cucumber slices, mint)",enhancer,Tonic or soda water,substitute,Cocktail bitters & syrups,accessory,Soft Drinks(0.9); Vegan(0.9)
cmkcuh7g700023b7er0lmxfgf,Double Dutch,Refreshing Lemonade,refreshing-lemonade,Double Dutch,Soft Drinks,Lemonade & Citrus Drinks,0.72,2.9,4,GBP,200ml,"A crisp, premium sparkling lemonade crafted as a mixer or standalone refreshment. Made with carbonated water, sugar and natural flavours with a clean, citrus-forward profile; works well with spirits or served chilled on its own. Packaged in a 200ml glass bottle ideal for single-serve use.","Carbonated Water, Sugar, Natural Lemon Flavouring, Acid (Citric Acid), Antioxidant (Ascorbic Acid)",Ocado,bottle,mature,premium,year-round,Home mixologists,"To elevate cocktails with a refined, citrus-forward mixer that complements spirits without artificial ingredients",Health-conscious refreshment seekers,"Looking for a flavorful, lower-calorie alternative to traditional sodas without artificial colours or preservatives",Hospitality & event buyers,"Need consistent, premium-tasting single-serve mixers that pair well with spirits and present well to customers",Premium cocktail mixer for home entertaining,weekly,"Cold, refreshing beverage on the go",daily,Summer picnic or barbecue accompaniment,occasional,,,4,Gin,complementary,Vodka,complementary,Sparkling water / Soda water,substitute,Cocktail glassware,accessory,,,Soft Drinks(0.9); Vegan(0.9)
cmkgr4fly00023b7ermx40s2w,Double Dutch,Ginger Beer,ginger-beer,Double Dutch,Soft Drinks,Ginger Beer & Ginger Ale,0.72,2.9,4,GBP,200ml,"A premium, spicy ginger beer crafted for bold mixer use or on‑its‑own refreshment. Made with multiple ginger varieties for layered heat and depth, it pairs well with rum, bourbon and vodka and is bottled in a single‑serve 200ml glass bottle. Ingredients emphasize natural flavourings and sugar from sugar beet for a clean, effervescent finish.","Carbonated Water, Sugar Beet, Natural Flavourings, Acid (Tartaric Acid)",Ocado,bottle,mature,premium,year-round,Cocktail enthusiasts & home bartenders,"Seeks vibrant, reliable mixers that enhance spirits and add layered ginger flavour without artificial ingredients",Premium spirit drinkers,Wants a mixer that complements premium spirits and delivers consistent taste in mixed drinks,Hospitality & on‑trade operators,"Needs a recognizable, premium mixer that elevates cocktail menus and is easy to portion and serve",Premium cocktail mixer for at‑home cocktails,weekly,Refreshing standalone beverage,weekly,Bar and restaurant mixer,occasional,Picnic or outdoor gathering beverage,occasional,4,Light rum,complementary,Vodka,complementary,Lime wedges / fresh citrus,enhancer,Tonic or sparkling water,substitute,,,Herbal and Botanical(0.95)
cmkgr6ts3002a3b7e1loegnox,Double Dutch,Pink Grapefruit,pink-grapefruit,Double Dutch,Soft Drinks,Flavoured Sparkling Water,0.58,3.5,6,GBP,150ml,"A premium, low-calorie carbonated mixer featuring bright pink grapefruit with a touch of Persian lime for balanced citrus complexity. Crafted for use as a standalone refreshing soft drink or as a mixer with spirits, it emphasizes natural flavourings and a clean, crisp finish. Ideal for at-home cocktails, bars, and on-the-go refreshment.","Carbonated Water, Sugar, Natural Flavourings, Acid (Citric Acid), Sodium Bicarbonate",Ocado,bottle,mature,premium,summer,Home bartenders & cocktail enthusiasts,Desire for bar-quality flavours and natural ingredients to create balanced cocktails without extra effort,Health-conscious refreshment seekers,"Looking for a tasty, low-calorie soft drink alternative that still delivers full flavour",Hospitality & on-trade professionals,Need a distinctive mixer to improve cocktail menus and customer experience,Premium cocktail mixer,weekly,Refreshing standalone drink,occasional,Bar & restaurant mixer,weekly,Event & party refreshment,occasional,5,Gin,complementary,Vodka,complementary,Cocktail bitters,enhancer,Tonic / other premium mixers,substitute,Highball glassware,accessory,Soft Drinks(0.9); Vegan(0.9)
cmkgr5zqe001h3b7elke8alwb,Double Dutch,Indian Tonic,indian-tonic,Double Dutch,Soft Drinks,Tonic Water & Mixers,0.58,3.5,6,GBP,150ml,"Double Dutch Indian Tonic Water (150ml) is a premium, single-serve tonic mixer crafted to enhance gin and other spirits. It balances the bitter quinine backbone with bright citrus and pink grapefruit notes, making it suitable for classic G&Ts, cocktails, and alcohol-free mixers.","Carbonated Water, Sugar, Natural Flavourings, Acid (Citric Acid), Antioxidant (Ascorbic Acid), Quinine",Ocado,can,mature,premium,year-round,Gin enthusiasts and home mixologists,To create a well-balanced G&T or cocktail that highlights the spirit without overpowering it,Bars and hospitality professionals,"Reliable, high-quality tonic that improves cocktail flavor and presentation",Occasional drinkers and social hosts,Convenience and premium positioning for guests without buying large bottles,Classic Gin & Tonic at home,weekly,Cocktail menu at a bar,daily,Portable single-serve for picnics or travel,occasional,Alcohol-free refreshment,occasional,4,London Dry Gin,complementary,"Citrus garnishes (lime, lemon, grapefruit)",enhancer,Slimline / diet tonic,substitute,Cocktail bitters or aromatic bitters,accessory,,,Soft Drinks(0.9); Vegan(0.9)
cl3aa7qrq002r3f6kc5psn8i7,Fix8,Sicilian Citrus Kombucha,fix-8-sicilian-citrus-kombucha,Fix8,Soft Drinks,Kombucha & Fermented Drinks,2,2,1,GBP,250ml,"This Fix8 Kombucha is a refreshing, low-calorie sparkling drink infused with Sicilian orange and delicate saffron. It's packed with live cultures and Vitamin C to support immune health, making it a functional and delicious plant-based beverage. Enjoy it chilled for a bold and invigorating experience.","Filtered Water, Kombucha Cultures, Sencha Green Tea, Sugar, Natural Flavouring, Sicilian Orange Extract, Saffron Extract, Vitamin C, Lactic Acid Bacillus",Morrisons; Ocado; PlanetOrganic; Tesco; Welleasy,can,growing,premium,year-round,Health-conscious millennials,"Seeks tasty, science-backed drinks that support gut health and provide a low-calorie alternative to alcohol or sugary sodas",Dry-month/Alcohol-alternative consumers,"Wants a social, flavorful beverage that feels premium and delivers perceived health benefits without alcohol",Gut-health seekers,Looks for products with live cultures and added vitamin C to support digestion and immune health,Alcohol-free social drink,occasional,Daily gut-support beverage,daily,On-the-go refreshment,weekly,,,4,Sparkling Mineral Water,complementary,Non-alcoholic Spirits & Mixers,substitute,Probiotic Yogurt or Dairy-free Probiotic Dessert,enhancer,Healthy Snack Bars,complementary,,,Vegan(1); Soft Drinks(0.9); Sugar-Free(0.8); Vegan(0.95); Vegan(0.95); Sugar-Free(0.85); Citrus(0.95); Vegan(0.95); Soft Drinks(0.9); Vegan(0.95); Soft Drinks(0.9); Vegan(0.95); Soft Drinks(0.9)
cl3aa02d200023f6khvwof8v0,Fix8,Strawberry Basil Kombucha,fix-8-strawberry-basil-kombucha,Fix8,Soft Drinks,Kombucha & Fermented Drinks,2,2,1,GBP,250ml,"This Fix8 Kombucha offers a refreshing and fruity experience, blending the sweet notes of strawberry with aromatic basil. Slow-brewed and enriched with live cultures, it supports gut health and provides 25% of your daily recommended Vitamin C, making it a delicious and beneficial sparkling beverage.","Filtered water; Kombucha cultures; Sencha green tea; sugar; natural flavouring; 2% strawberry juice from concentrate; purple carrot concentrate; natural basil flavouring; Vitamin C; lactic acid bacillus 
      Produced in a manufactuer that is nut; soy and dairy free.",Morrisons; Ocado; PlanetOrganic,can,growing,mid-range,year-round,Health-conscious millennials,"Seeking flavorful, low-alcohol (or non-alcoholic) drinks that provide probiotics and added vitamin benefits",Gut-health seekers,"Purchase for live cultures and perceived digestive benefits, plus convenient ready-to-drink format",Busy professionals & commuters,"Looking for a grab-and-go, flavorful beverage that feels healthier than standard soft drinks",Afternoon refresher at the office,daily,Post-workout probiotic boost,weekly,Picnic or outdoor beverage,occasional,Digestive support after a meal,weekly,4,Healthy snack bars,complementary,Sparkling water,substitute,Reusable glass bottle,accessory,"Fermented foods (e.g., kimchi, pickles)",complementary,,,Vegan(0.95); Soft Drinks(0.8); Vegan(1); Soft Drinks(0.9); Vegan(0.95); Soft Drinks(0.85); Vegan(0.98); Soft Drinks(0.95); Sugar-Free(0.85)
cjyt5sv5601680722kui4vc3o,Fix8,Ginger Turmeric Kombucha,fix-8-ginger-turmeric-kombucha,Fix8,Soft Drinks,Kombucha & Fermented Drinks,2,2,1,GBP,250ml,"This FIX8 Ginger Turmeric Kombucha is a refreshing, plant-based sparkling drink packed with live cultures and Vitamin C to support immune health. It's low in calories and made with natural ingredients, including ginger, turmeric, and black pepper, scientifically designed to reach your gut. Enjoy it cold for a bold and healthy beverage experience.","Filtered Water, Kombucha Cultures, Sencha Green Tea, Sugar, Natural Flavouring, Ginger Root Extract, Turmeric Root Extract, Black Pepper Extract, Vitamin C, Lactic Acid Bacillus",Morrisons; Ocado; PlanetOrganic; Tesco,can,growing,mid-range,year-round,Health-conscious millennials,"Want a convenient, flavorful drink that supports gut health and immunity without animal ingredients",Busy professionals,"Need on-the-go beverages that provide a perceived health benefit (probiotics, vitamin C) and fit a hectic schedule",Plant-based consumers,"Prefer beverages that are explicitly plant-based, contain live cultures, and align with dietary choices",Post-workout recovery drink,weekly,Midday immunity boost,daily,Digestive support with meals,occasional,,,3,Protein or energy bar,complementary,Sparkling water,substitute,Refrigerated cooler pack (multipack),accessory,,,,,Vegan(0.95); Vegan(0.95); Soft Drinks(0.8); Vegan(0.95); Soft Drinks(0.9); Vegan(0.95); Vegan(0.95); Soft Drinks(0.9); Vegan(0.95); Soft Drinks(0.9)
cmltqqeg9000d0oxgr28cf1po,Fix8,Water Kefir Peach & Mango,fix-8-water-kefir-peach-and-mango,Fix8,Soft Drinks,Functional & Wellness Drinks,1.5,6,4,GBP,250ml,"Fix8 Water Kefir Peach + Mango is a naturally fermented, sparkling soft drink bursting with billions of live cultures. This golden fruity fizz combines juicy peach and lush mango flavors, offering a refreshing and healthy beverage option. It's designed to be a delicious and beneficial addition to your daily routine.","Water Kefir (Water, Grape Juice from Concentrate, Water Kefir Cultures, Yeast Extract), Flavour Enhancer: Erythritol, Apple Cider Vinegar, Peach Juice, Mango Purée, Natural Flavourings, Sweetener: Steviol Glycosides from Stevia, Concentrate (Safflower, Lemon, Carrot, Apple)",Waitrose,bottle,growing,premium,summer,Health-conscious millennials,"Seeking a flavorful, probiotic-forward sparkling drink as a healthier alternative to soda",Probiotic & gut-health seekers,"Buy for live cultures and perceived digestive benefits in an enjoyable, convenient format",Non-alcoholic beverage consumers,"Want a grown-up, flavorful fizzy drink without alcohol, with better-for-you positioning",Afternoon refreshment,daily,Post-workout cool-down,weekly,Social gathering alternative to alcohol,occasional,Summer outdoor refreshment,seasonal,4,Light salads and grain bowls,complementary,Kombucha and other fermented drinks,substitute,Reusable insulated bottle,accessory,Healthy snack bars,complementary,,,Vegan(0.95); Soft Drinks(0.9); Tropical(0.95); Sugar-Free(0.95); Vegan(0.95); Soft Drinks(0.9); Sugar-Free(0.95); Vegan(0.95); Soft Drinks(0.9)
cmltqp2e300013itc1qg2hbex,Fix8,Water Kefir Raspberry Lemonade,fix-8-water-kefir-raspberry-lemonade,Fix8,Soft Drinks,Functional & Wellness Drinks,1.5,6.0,4,GBP,250ml,"This sparkling water kefir is a naturally fermented, gut-friendly soft drink made with real fruit. It offers a refreshing blend of tart raspberry and bright lemon, supporting digestive wellness with billions of live cultures. Enjoy this dairy-free, no-added-sugar beverage as a healthy everyday option.","Water Kefir (Water, Grape Juice from Concentrate, Water Kefir Cultures, Yeast Extract), Flavour Enhancer: Erythritol, Apple Cider Vinegar, Lemon Juice, Raspberry Juice from Concentrate, Natural Flavourings, Sweetener: Steviol Glycosides from Stevia, Concentrate (Apple, Cherry, Radish, Sweet Potato), Lemon Essence Oil",Waitrose,bottle,growing,premium,year-round,Health-conscious millennials,"Seeking flavorful, low-sugar alternatives to soda that deliver probiotics and align with clean-label preferences.",Gut-health seekers,"Purchase motivated by live cultures, unpasteurised fermentation and perceived digestive/biome support.",Adults reducing alcohol or sugar,"Want a sophisticated, non-alcoholic sparkling drink with real fruit flavor and low-calorie sweetening.",Mid-morning probiotic refreshment,daily,Post-workout fizzy boost,weekly,Non-alcoholic social option,occasional,,,3,Plain Greek Yogurt,complementary,Fresh Fruit & Nut Snack Pack,complementary,Kombucha,substitute,,,,,Citrus(0.95); Sweet(0.75); Citrus(0.95); Vegan(0.95); Soft Drinks(0.9); Tropical(0.95); Sugar-Free(0.95); Vegan(0.95); Soft Drinks(0.9); Sugar-Free(0.95); Vegan(0.95); Soft Drinks(0.9); Tropical(0.95); Exotic(0.95); Glass Bottles(0.8); Highly Carbonated(0.7)
cmltqrupu00063itcs2pdanno,Fix8,Water Kefir Grapefruit & Elderflower,fix-8-water-kefir-grapefruit-and-elderflower,Fix8,Soft Drinks,Functional & Wellness Drinks,1.5,6.0,4,GBP,250ml,"Fix8 Water Kefir Grapefruit & Elderflower is a refreshing fermented drink. It combines the tangy zest of grapefruit with the delicate floral notes of elderflower, offering a unique and invigorating taste experience. This water kefir is a great alternative to traditional sodas, providing a naturally fizzy and flavorful beverage.","Water Kefir (Water, Grape Juice from Concentrate, Water Kefir Cultures, Yeast Extract), Flavour Enhancer: Erythritol, Apple Cider Vinegar, Grapefruit Juice, Natural Flavourings, Elderflower Extract, Sweetener: Steviol Glycosides from Stevia",Waitrose,bottle,growing,premium,summer,Health-conscious individuals,"Desire a flavorful, natural, and beneficial beverage that supports overall well-being.",Experimenting foodies,Seeking novel taste experiences and sophisticated beverage options.,Soda avoiders,"Want a fizzy, flavorful drink without the guilt or artificial ingredients of traditional soft drinks.",Refreshing drink on a hot day,weekly,Healthy alternative to soda,daily,Post-workout hydration,occasional,,,3,"Light snacks (e.g., fruit, crackers)",complementary,Sparkling water,substitute,"Other fermented beverages (e.g., kombucha)",substitute,,,,,Citrus(0.95)
cm0nn93no00023b78vacilslm,SKIP,Peach Ginger CBD Drink,skip-peach-ginger-cbd-drink,Skip,Soft Drinks,CBD Drinks,1.67,20.0,12,GBP,250ml,"A sparkling CBD-infused drink combining juicy peach with warming ginger and botanical extracts. Cold-pressed CBD preserves the full spectrum of cannabinoids for maximum efficacy. Contains 5mg active CBD per 250ml can, real fruit juice and calming botanicals including chamomile, green tea and lemon balm.","Water, Fruit Juices from Concentrate 17% (Grape, Peach 8%), Flavour Enhancer (Erythritol), Sweetener (Steviol Glycosides from Stevia), Botanical Extracts (Ginger, Chamomile, Green Tea, Lemon Balm, Turmeric), Citric Acid, Natural Flavour, Cold-Pressed CBD (5mg/250ml)",drinkskip.com (DTC),can,emerging,premium,year-round,Wellness-curious young adults,"Want a convenient, tasty way to unwind without alcohol or pharmaceutical sleep aids",CBD-curious consumers,Low-dose entry point (5mg) in a familiar soft drink format lowers the barrier to trying CBD,Mindful drinkers,Seeking sophisticated non-alcoholic alternatives that offer a functional benefit beyond hydration,Evening wind-down,daily,Pre-sleep ritual,daily,Social gathering alternative,occasional,,,3,CBD oil or supplements,complementary,Herbal tea,substitute,Adaptogenic drinks,substitute,,,,,Vegan(0.95); Sugar-Free(0.9); CBD(0.99); Soft Drinks(0.9)
cm0nnqzvo005f3b7829ziwr9v,SKIP,Lemon Basil CBD Drink,skip-lemon-basil-cbd-drink,Skip,Soft Drinks,CBD Drinks,1.67,20.0,12,GBP,250ml,A refreshing sparkling CBD drink blending citrus lemon with aromatic basil and calming botanical extracts. Cold-pressed to preserve the full spectrum of cannabinoids. Contains 5mg active CBD per 250ml can with real fruit juice — no artificial ingredients.,"Water, Fruit Juices from Concentrate 17% (Grape, Lemon 6%), Flavour Enhancer (Erythritol), Sweetener (Steviol Glycosides from Stevia), Botanical Extracts (Chamomile, Green Tea, Lemon Balm), Natural Flavour, Natural Basil Flavour, Cold-Pressed CBD (5mg/250ml)",drinkskip.com (DTC),can,emerging,premium,year-round,Wellness-curious young adults,"Want a convenient, refreshing way to incorporate CBD into daily routine",Flavour adventurers,Attracted by the herb-citrus pairing that feels more culinary and adult than standard soft drinks,Sober-curious consumers,"A complex, botanical drink that satisfies the desire for something more interesting than water or juice",Afternoon focus break,daily,Cocktail alternative,weekly,Gaming or creative session,weekly,,,3,CBD oil or supplements,complementary,Sparkling water,substitute,Nootropic drinks,substitute,,,,,Vegan(0.95); Sugar-Free(0.9); CBD(0.99); Soft Drinks(0.9)
cm0nnozhu002v3b78en2c43cz,SKIP,Elderflower Mint CBD Drink,skip-elderflower-mint-cbd-drink,Skip,Soft Drinks,CBD Drinks,1.67,20.0,12,GBP,250ml,"A delicate sparkling CBD drink pairing floral elderflower with cool mint and calming botanicals. Cold-pressed CBD at 5mg per can for gentle relaxation. Made with real fruit juice from apple and grape, plus chamomile, green tea and lemon balm extracts.","Carbonated Water, Fruit Juices from Concentrate 17% (Apple, Grape), Flavour Enhancer (Erythritol), Natural Flavour Elderflower, Botanical Extracts (Chamomile, Mint 0.07%, Green Tea, Lemon Balm), Acid (Citric Acid), Natural Flavouring, Cold-Pressed CBD Extract (5mg/250ml), Sweetener (Steviol Glycosides from Stevia)",drinkskip.com (DTC),can,emerging,premium,year-round,Wellness-curious young adults,"Gentle, floral flavour profile appeals to those who find other CBD drinks too bold",Evening ritual seekers,"The calming flavour combination (elderflower, mint, chamomile) signals relaxation",Gifters and tryers,"Elderflower-mint is an accessible, familiar flavour that lowers CBD trial barriers",Evening relaxation,daily,Summer garden drink,seasonal,Wellness routine,weekly,,,3,Herbal tea (chamomile/mint),complementary,Elderflower cordial,substitute,Sleep supplements,complementary,,,,,Vegan(0.95); Sugar-Free(0.9); CBD(0.99); Soft Drinks(0.9)
cmcw0tyg700023b7cfko4vigl,UNAI,Pink Grapefruit & Strawberry,pink-grapefruit-strawberry,Drink Unai,Soft Drinks,Adaptogenic Drinks,2.5,29.95,12,GBP,250ml,"UPLIFT — a lightly sparkling adaptogenic drink blending pink grapefruit and strawberry with Lion's Mane and Cordyceps mushroom extracts to support focus and energy. 100% natural with no artificial flavours. Designed for mornings, afternoon slumps or pre-adventure fuel. Only 12 kcal per 100ml.","Sparkling Water, Grape Juice from Concentrate, Natural Flavourings (Pink Grapefruit & Strawberry), Botanical Extracts (Lemon Balm, Rooibos, Lion's Mane, Cordyceps, Panax Ginseng, Green Tea), Citric Acid, Ascorbic Acid, Black Carrot Extract, Steviol Glycosides",drinkunai.com (DTC); RAYE Store Notting Hill (pop-up),can,emerging,premium,year-round,Focus-seeking professionals,Want sustained mental clarity from adaptogens rather than the spike-crash cycle of coffee or energy drinks,Active lifestyle consumers,Cordyceps for athletic performance + Lion's Mane for focus makes this a dual-purpose functional drink,Mindful millennials,"Brand ethos of 'conscious connection' and 'pause, connect, stay grounded' resonates with mindfulness values",Morning focus ritual,daily,Afternoon energy dip,daily,Pre-workout boost,weekly,,,3,Lion's Mane supplements,complementary,Energy drinks,substitute,Matcha latte,substitute,,,,,Vegan(0.9); Adaptogenic(0.99); Soft Drinks(0.9); Low Calorie(0.85)
cmcw0w5hg002k3b7c2ojvmdnu,UNAI,Lemon & Lavender,lemon-lavender,Drink Unai,Soft Drinks,Adaptogenic Drinks,2.5,29.95,12,GBP,250ml,"UNWIND — a lightly sparkling adaptogenic drink infused with Reishi mushroom and Ashwagandha to ease the mind and promote relaxation. Blends lemon and lavender with prickly pear juice, turmeric, burdock root and artichoke leaf. Enriched with magnesium, L-tryptophan and vitamin B12. 100% natural, only 13 kcal per 100ml.","Sparkling Water, Grape Juice from Concentrate, Prickly Pear Juice, Reishi Mushroom, Turmeric, Ashwagandha, Burdock Root, Artichoke Leaf, Citric Acid, Magnesium Citrate, Natural Flavourings (Lemon & Lavender), L-Tryptophan, Ascorbic Acid, Steviol Glycosides, Vitamin B12 (Cyanocobalamin)",drinkunai.com (DTC); RAYE Store Notting Hill (pop-up),can,emerging,premium,year-round,Stress-management seekers,Ashwagandha and Reishi have growing mainstream recognition for stress/anxiety relief — a drink format makes it easy and pleasant,Sleep optimisers,L-tryptophan and magnesium are recognised sleep-support ingredients — combined with adaptogens in a bedtime drink,Alcohol reducers,Lavender-lemon flavour profile and calming function serves as an evening 'treat' drink without alcohol,Evening wind-down,daily,Pre-sleep routine,daily,Post-stressful day reset,weekly,,,3,Ashwagandha supplements,complementary,CBD drinks,substitute,Chamomile tea,substitute,,,,,Vegan(0.9); Adaptogenic(0.99); Soft Drinks(0.9); Low Calorie(0.85)
comp_8489604cc5cbff07ab0a,Trip,Peach Ginger CBD Drink 250ml,peach-ginger-cbd-drink-250ml,Trip,Soft Drinks,CBD Drinks,5.5,5.5,1,GBP,250ml,"This lightly sparkling drink combines the refreshing flavors of peach and ginger with 15mg of CBD. Made with natural fruit juices and no added sugar, it's designed to help you find calm and unwind. Enjoy it chilled on its own or as a mixer in cocktails.","Water, fruit juice from concentrate (peach (20%), passion fruit), ginseng, turmeric, lemon balm, chamomile, L-theanine, natural sweetener (steviol glycosides), natural flavouring (ginger 0.1%), flavour enhancer (erythritol), CBD (15mg) (soya lecithin).

For allergens, see ingredients in bold.",Ocado; Waitrose; Sainsbury's; Boots; tripdrinks.co.uk,can,growing,premium,year-round,Health-conscious young professionals,"Seeking a natural way to relax and de-stress without alcohol, appreciate premium, aesthetically pleasing products.",Wellness enthusiasts,"Looking for a functional beverage that provides a sense of calm and balance, aligns with their holistic lifestyle choices.",,,Morning calm,daily,Unwinding after work,daily,Social gathering mixer,occasional,Relaxing break,weekly,4,Tequila,complementary,Gin,complementary,Other non-alcoholic sparkling beverages,substitute,Herbal tea,substitute,,,CBD(0.99); Vegan(0.9); Soft Drinks(0.9)
comp_258bbc11ce691928ca6f,Trip,Lemon Basil CBD Drink 250ml,lemon-basil-cbd-drink-250ml,Trip,Soft Drinks,CBD Drinks,5.5,5.5,1,GBP,250ml,"TRIP Lemon Basil is a refreshing, lightly sparkling drink infused with 15mg of CBD and natural fruit juices. With no added sugar, it offers a delicious and healthy way to unwind or start your day. Enjoy it chilled on its own or as a mixer in cocktails.","Water, fruit juice from concentrate (lemon (7%), grape), lemon balm, ginseng, L-theanine, chamomile, natural flavourings (lemon, lime, basil 0.1%), flavour enhancer (erythritol), natural sweetener (steviol glycosides), CBD (15mg), (soya lecithin).

For allergens, see ingredients in bold.",Ocado; Waitrose; Sainsbury's; Boots; tripdrinks.co.uk,can,growing,premium,year-round,Health-conscious young professionals,"Seeking a natural, low-sugar beverage to help unwind and manage daily stress without alcohol or excessive caffeine, aligning with a healthy lifestyle.",Mindful drinkers,"Desire a refreshing, flavorful drink that offers a sense of relaxation and sophistication, suitable for social settings as an alternative to alcoholic beverages.",,,Unwinding after work,daily,Morning refreshment,daily,Social gathering mixer,occasional,Stress relief during the day,weekly,3,Vodka,enhancer,Sparkling water/seltzer,substitute,Herbal tea,complementary,,,,,Herbal(0.9); Citrus(0.95); Cans(0.98); Naturally Sweetened(0.95)
comp_477f329b913bfa2ad62c,Trip,Mindful Blend Elderflower Mint 4x250ml,mindful-blend-elderflower-mint-4x250ml,Trip,Soft Drinks,CBD Drinks,2,2,1,GBP,250ml,"TRIP Mindful Blend Elderflower Mint is a lightly sparkling drink crafted in the UK, designed to support psychological function and promote calm. Infused with 120mg magnesium and adaptogenic botanicals like Lion's Mane, Lemon Balm, and Chamomile, it offers a refreshing taste with apple and grapefruit juices, elderflower, and mint. This low-calorie, vegan, and gluten-free beverage contains no added sugar, making it a healthy choice for daily well-being.","Sparkling Water, Fruit Juices from Concentrate (27%) (Apple, Grapefruit), Erythritol, Magnesium Citrate, Citric Acid, Botanical Extracts (Lion's Mane, Ashwagandha, Lemon Balm, Chamomile, Ginseng), Natural Flavourings, Stevia, L-Theanine",Ocado; Waitrose; Sainsbury's; Boots; tripdrinks.co.uk,can,growing,premium,year-round,Health-conscious millennials,"Seeking low-calorie, no-added-sugar drinks with functional benefits (magnesium, adaptogens) to support mental calm and focus",Busy professionals seeking calm,Desire an easy daily ritual that provides a calming effect without alcohol or high calories,Vegan and dietary-restricted consumers,Need ready-to-drink options that align with vegan and gluten-free diets while offering functional benefits,Midday calm at the desk,daily,Post-exercise refresh,weekly,Alcohol alternative at social occasions,occasional,On-the-go commute pick-me-up,daily,4,Sparkling Water,substitute,Herbal Tea (Chamomile / Lemon Balm blends),complementary,Healthy Protein or Energy Bar,complementary,Reusable Insulated Bottle / Can Cooler,accessory,,,Lightly Carbonated(0.9); Cans(0.95); Citrus(0.9)
comp_bc83317e62c8463daa74,Trip,Mindful Blend Calm Apple Blossom 250ml,mindful-blend-calm-apple-blossom-250ml,Trip,Soft Drinks,CBD Drinks,2,2,1,GBP,250ml,"This sparkling drink is crafted with fruit juices, magnesium, and botanical extracts like Lion's Mane, Lemon Balm, and Chamomile. It offers a refreshing apple blossom flavor designed to promote a sense of calm. Enjoy this beverage as a mindful refreshment throughout your day.","Carbonated Water, Fruit Juices from Concentrate (Grape, Apple (3%), Cucumber), Flavour Enhancer: Erythritol, Magnesium Citrate, Acidity Regulator: Citric Acid, Lion&#x27;s Mane Extract, Natural Flavourings & Botanical Extracts (Lemon Balm, Chamomile), Sweetener: Steviol Glycosides from Stevia",Ocado; Waitrose; Sainsbury's; Boots; tripdrinks.co.uk,can,growing,mid-range,year-round,Wellness-focused young professionals,"Wants a low-sugar, flavorful drink that supports relaxation and cognitive balance without alcohol or heavy calories",Sober-curious/social non-drinkers,Seeks an enjoyable alternative to alcoholic drinks that feels intentional and social-friendly,Health-conscious shoppers,Purchases beverages with added minerals and botanicals that align with a wellness-first diet,Evening wind-down drink,daily,Midday calm boost at work,weekly,Non-alcoholic option for social occasions,occasional,,,4,Herbal tea (lemon balm or chamomile),complementary,Sparkling water,substitute,Dark chocolate (70%+ cacao),enhancer,Insulated can cooler / koozie,accessory,,,Herbal(0.9); Naturally Sweetened(0.95); Cans(0.98)
comp_76b54fa3c6da8de430f0,DASH,Water Sparkling Lime,water-sparkling-lime,DASH,Soft Drinks,Sparkling Water,4.75,4.75,1,GBP,330ml,"Dash Water Sparkling Lime is a zero-calorie, naturally flavored sparkling spring water infused with real 'wonky' limes (misfit fruit) for a fresh citrus lift without sugar or artificial sweeteners. Made from carbonated spring water and lime extract with natural flavorings and citric acid, it’s positioned as a refreshing, eco-conscious alternative to sugary soft drinks.","Carbonated Spring Water, Lime Extract, Natural Flavourings, Acid, Citric Acid",Ocado; Waitrose; Sainsbury's; Tesco; dash-water.com,can,growing,mid-range,year-round,Eco-conscious millennials,Reduce food waste and choose drinks made from real fruit without sugar or artificial ingredients,Health-conscious consumers,"Want a satisfying fizzy drink with no sugar, calories, or artificial sweeteners",Busy commuters & office workers,"Convenient, single-serve fizzy option that replaces sugary sodas",Everyday lunchtime refreshment,daily,Post-workout hydration,weekly,Social gathering mixer,occasional,,,4,Salads and light meals,complementary,Reusable water bottle / insulated can cooler,accessory,Unflavoured sparkling water,substitute,Cocktail & mocktail mixers,enhancer,,,Sparkling Water(0.95); Sugar-Free(0.95); Vegan(0.9)
comp_f572629306327d68d934,DASH,Water Sparkling Raspberry,water-sparkling-raspberry,DASH,Soft Drinks,Sparkling Water,4.75,4.75,1,GBP,330ml,"DASH Sparkling Raspberry is a zero-calorie, naturally flavored sparkling spring water made using real 'wonky' raspberries to reduce food waste. It delivers light carbonation and natural raspberry aroma without sugar, sweeteners, caffeine, or alcohol—designed for everyday hydration and a healthier alternative to sodas.","Carbonated Spring Water, Natural Flavourings, Raspberry Extract, Acid, Citric Acid",Ocado; Waitrose; Sainsbury's; Tesco; dash-water.com,can,growing,premium,year-round,Health-conscious millennials,Want flavorful hydration with zero calories and no artificial ingredients while supporting ethical brands,Eco-conscious consumers,"Prefer products that demonstrate environmental impact (wonky fruit usage, recyclability, carbon programs)",Busy professionals seeking convenient hydration,"Need a portable, ready-to-drink option that fits workplace and on-the-go routines",Everyday desk hydration,daily,Post-workout refresher,weekly,Non-alcoholic option at social gatherings,occasional,,,4,Reusable water bottle,accessory,Healthy snack/Salad,complementary,Sparkling water variety pack,enhancer,Zero-calorie mixers (non-alcoholic),substitute,,,Sparkling Water(0.95); Sugar-Free(0.95); Vegan(0.9)
comp_33a0725ccf04ff2af847,DASH,Cherry Infused Sparkling Water 4 x 330ml,cherry-infused-sparkling-water-4-x-330ml,DASH,Soft Drinks,Sparkling Water,4.75,4.75,1,GBP,330ml,"Zero-calorie sparkling spring water infused with natural cherry flavour and cherry extract, made using 'wonky' fruit to reduce food waste. Carbonated and lightly acidic for crisp bubbles, the product is ClimatePartner certified to reflect the brand's emissions reduction and climate project support. Suitable for on-the-go hydration and mixers.","Carbonated Spring Water, Natural Flavourings, Cherry Extract, Acid: Tartaric Acid",Ocado; Waitrose; Sainsbury's; Tesco; dash-water.com,multipack,mature,mid-range,year-round,Environmentally conscious shoppers,"Prefer products that reduce environmental impact (wonky fruit use, ClimatePartner certification) while delivering a refreshing beverage.",Health-conscious adults,"Seek flavorful alternatives to sugary sodas that fit low-calorie, keto, or sugar-restricted diets.",Busy professionals,"Want a convenient, refreshing drink for work breaks and commuting without added sugar or calories.",Cold refreshment after exercise,daily,Mixer for low-calorie cocktails or mocktails,weekly,On-the-go hydration,daily,Picnic or outdoor social gatherings,occasional,4,Fresh lemon or lime wedges,complementary,"Light snacks (e.g., crisps, nuts)",complementary,Flavoured sparkling water (other flavours),substitute,Cocktail bitters or syrups,enhancer,,,Sparkling Water(0.95); Sugar-Free(0.95); Vegan(0.9)
comp_ce74bad93e289c1557ef,DASH,Peach Sparkling Water 4 x 330ml,peach-sparkling-water-4-x-330ml,DASH,Soft Drinks,Sparkling Water,4.75,4.75,1,GBP,330ml,"Peach-flavoured sparkling spring water brewed with natural flavourings and peach extract for a light, refreshing taste. Zero added sugar and low in calories, it's ideal for everyday hydration, as a mixer for cocktails or mocktails, and as a crisp alternative to sugary soft drinks.","Carbonated Spring Water, Natural Flavourings, Peach Extract, Acid: Malic Acid",Ocado; Waitrose; Sainsbury's; Tesco; dash-water.com,multipack,mature,mid-range,year-round,Health-conscious adults,Desire a flavorful hydration option without added sugar or calories,Young adults & social drinkers,"Looking for tasty, low-calorie mixers and non-alcoholic alternatives",Families with children,Provide appealing flavored drinks with no added sugar for children and family consumption,Daily hydration at work or home,daily,Mixer for cocktails and mocktails,occasional,Picnics and outdoor gatherings,seasonal,Post-workout refreshment,weekly,4,Lemon or lime slices,enhancer,Vodka or light spirits,enhancer,Reusable insulated tumbler,accessory,Sparkling water variety pack,substitute,,,Unsweetened(0.95); Cans(0.98)
comp_eccde4366a91b1659336,Hip Pop,Ginger & Yuzu Kombucha,ginger-and-yuzu-kombucha,Hip Pop,Soft Drinks,Kombucha & Fermented Drinks,6,6,1,GBP,330ml,"This Hip Pop kombucha offers a refreshing and naturally fizzy beverage, blending the warming spice of ginger with the bright, citrusy notes of yuzu. It's a lightly sparkling drink with a lively mix of zest and spice, perfect for those seeking a flavorful and invigorating refreshment.","Water, Cane Sugar, Green Tea, Black Tea, Kombucha Culture, Ginger Juice, Yuzu Juice, Lemon Juice, Living Cultures (Bacillus Coagulans)",Ocado; Morrisons; Tesco; drinkhippop.com,can,growing,mid-range,year-round,Health-conscious millennials,"Seek low-calorie, naturally flavored drinks with probiotics and clean labels as a healthier alternative to sugary sodas",Gut-health seekers,"Purchase for live cultures and digestive benefits delivered in a convenient, enjoyable format",Flavor explorers,"Buy for interesting, premium-tasting drinks to try and share, preferring craft or small-batch options",Mid-morning probiotic boost,daily,Post-workout refreshment,weekly,Non-alcoholic social drink,occasional,Lunchbox or picnic beverage,monthly,4,Light salads or grain bowls,complementary,Sparkling water or other kombucha flavors,substitute,Reusable can cooler / insulated sleeve,accessory,Healthy snack bars,complementary,,,Can(0.98); Low-Sugar(0.9); Citrus(0.95)
comp_896d6b513e5ac320961a,Hip Pop,"Strawberry & Pineapple Kombucha, 4 x 330ml (EAN/Barcode: 5060512671629)",strawberry-and-pineapple-kombucha-4-x-330ml-(ean/b,Hip Pop,Soft Drinks,Kombucha & Fermented Drinks,6,6,1,GBP,330ml,"This lightly sparkling kombucha offers a refreshing blend of sweet strawberry and tangy pineapple flavors. Crafted with living cultures, it provides a delicious and beneficial beverage option. Enjoy it as a healthy alternative to sugary drinks or as a revitalizing pick-me-up.","Water, Cane Sugar, Green Tea, Black Tea, Kombucha Culture, Strawberry and Pineapple Juices from Concentrate, Natural Flavourings, Living Cultures (Bacillus Coagulans)",Ocado; Morrisons; Tesco; drinkhippop.com,can,growing,mid-range,year-round,Health-conscious millennials,"Seek probiotic, low-calorie drinks with natural flavors that support digestion and fit a healthy lifestyle",Sober-curious social drinkers,"Want flavorful, fermented alternatives to alcoholic drinks that feel premium and social-friendly",Craft beverage enthusiasts,"Attracted to unique flavor profiles (strawberry & pineapple), live cultures, and brand stories about small-batch brewing",Daily gut-health ritual,daily,Alcohol alternative at social events,weekly,Post-workout refreshment,weekly,Outdoor picnic or BBQ drink,occasional,5,Light salads or grain bowls,complementary,Non-alcoholic spirits / cocktail mixers,complementary,Reusable glassware (tumblers),accessory,Variety kombucha mixed case,substitute,Probiotic supplements,enhancer,Vegan(0.95)
comp_b1ebbffacf8715281a50,Hip Pop,Kombucha - Apple and Elderflower,--kombucha---apple-and-elderflower,Hip Pop,Soft Drinks,Kombucha & Fermented Drinks,6,6,1,GBP,330ml,"Hip Pop Kombucha in Apple & Elderflower flavor supports digestive health with a probiotic boost. This refreshing beverage is made with live cultures, low sugar, and no artificial sweeteners, offering a plant-based and 100% natural option for gut wellness.","Water, Cane Sugar, Green Tea, Black Tea, Kombucha Culture, Apple Juice from Concentrate, Elderflower Extract, Natural Flavourings, Living Cultures (Bacillus Coagulans)",Ocado; Morrisons; Tesco; drinkhippop.com,multipack,growing,mid-range,year-round,Health-conscious individuals,"To support digestive wellness, enjoy a natural and refreshing drink, and avoid artificial ingredients.",Young adults and millennials,To consume a trendy and beneficial beverage that aligns with their dietary preferences and lifestyle.,,,Daily digestive support,daily,Refreshing beverage,daily,On-the-go hydration,weekly,,,3,"Healthy snacks (e.g., nuts, fruit, granola bars)",complementary,Yoga or fitness accessories,complementary,Sparkling water or other functional beverages,substitute,,,,,Lightly Sweetened(0.9); Can(0.95)
comp_a7fb468e0abe77dd60a5,Hip Pop,Living Soda - Tropical Peach,--living-soda---tropical-peach,Hip Pop,Soft Drinks,Kombucha & Fermented Drinks,5.25,5.25,1,GBP,330ml,"Hip Pop Living Soda in Tropical Peach flavor is a refreshing beverage designed to support gut health with probiotics and vitamins. This 100% natural, low-sugar soda offers a delicious way to maintain healthy gut bacteria. It's a functional and healthy alternative to traditional sodas, perfect for those seeking a gut-friendly drink.","Water, Chicory Root Fibre, Apple Cider Vinegar, Apple, Peach, and Mango Juices from concentrate, Natural Flavourings, Living Cultures (Bacillus Coagulans)",Ocado; Morrisons; Tesco; drinkhippop.com,can,growing,mid-range,year-round,Health-conscious individuals,"Desire for a tasty, low-sugar beverage that actively contributes to their health, specifically gut health, without compromising on flavor.",Young adults seeking soda alternatives,"Looking for a 'better-for-you' soda option that aligns with a healthier lifestyle, offers a unique flavor experience, and provides functional benefits.",,,Refreshing daily drink,daily,Post-workout hydration,weekly,Lunch accompaniment,weekly,,,3,"Healthy snacks (e.g., fruit, nuts, yogurt)",complementary,Water bottles/Tumblers,accessory,"Other functional beverages (e.g., kombucha, sparkling water)",substitute,,,,,Kombucha(0.95); Vegan(0.9); Soft Drinks(0.9)
comp_248572127266f0cd8f3d,Agua de Madre,Pink Grapefruit & Lime Water Kefir,pink-grapefruit-and-lime-water-kefir,Agua de Madre,Soft Drinks,Kombucha & Fermented Drinks,3.3,3.3,1,GBP,330ml,"Agua de Madre Pink Grapefruit & Lime Water Kefir is a naturally fermented, dairy-free, and caffeine-free beverage made from a 2000-year-old Mexican Opuntia cactus culture. This refreshing drink is bursting with billions of probiotic live cultures, supporting digestive health and overall well-being. Enjoy this invigorating plant-based kefir as a delicious and healthy addition to your daily routine.","Kefir Culture Fermented in Filtered Water, Figs, Organic Cane Sugar, Lemons, Ginger, Pink Grapefruit Syrup, Lime Syrup, Apple Cider Vinegar, Lemongrass Extract, Bacillus Subtilis and Himalayan Salt",Ocado; Waitrose; aguademadre.co.uk,bottle,growing,premium,year-round,Gut-health enthusiasts,"Seek daily probiotic support in a tasty, low-calorie beverage to support digestion and overall wellbeing",Vegan and clean-label consumers,"Want a fermented, dairy-free alternative to kombucha or yogurt-based drinks with transparent ingredients",Busy professionals and commuters,"Prefer a ready-to-drink, portable product that delivers functional benefits without caffeine or alcohol",Daily gut-support drink with breakfast,daily,Midday refreshing probiotic boost,weekly,Post-meal digestive aid,weekly,Non-alcoholic option at gatherings,occasional,4,Sparkling water,complementary,Kombucha,substitute,Probiotic yogurt (plant-based),complementary,"Fresh citrus fruit (grapefruit, lime)",enhancer,,,Vegan(0.98); Vegan(0.98); Soft Drinks(0.9)
comp_5a38fe7f78eabe2a3cc0,Agua de Madre,Raspberry & PassionFruit Water Kefir,raspberry-and-passionfruit-water-kefir,Agua de Madre,Soft Drinks,Kombucha & Fermented Drinks,3.3,3.3,1,GBP,330ml,"Agua de Madre Raspberry & PassionFruit Water Kefir is a naturally fermented, plant-based beverage bursting with billions of live probiotic cultures. This dairy and caffeine-free drink, made in East London, supports digestive health with its invigorating and lightly sparkling profile. Enjoy the natural flavors of raspberry and passion fruit in this gut-friendly refreshment.","Sparkling Water Kefir (Filtered Water, British Sugar, Kefir Cultures), Natural Raspberry & Passion Fruit Flavours, Carrot & Blackcurrant Concentrates",Ocado; Waitrose; aguademadre.co.uk,can,growing,premium,year-round,Health-conscious millennials,"Seeks probiotic, low-alcohol alternatives to support digestion and wellbeing while enjoying a flavorful, natural beverage.",Sober-curious / non-drinkers,"Wants flavorful, adult-oriented alternatives to alcoholic drinks that feel social and premium without the alcohol effects.",Busy families looking for better-for-kids options,"Looking for a tasty, naturally fermented drink that provides live cultures and can be offered as a healthier alternative to sugary soft drinks.",Daily gut-support drink,daily,Alcohol alternative at social occasions,weekly,With meals as a refreshing beverage,weekly,On-the-go refreshment,occasional,4,Non-alcoholic spirits & cocktail mixers,complementary,"Fermented foods (e.g., kimchi, sauerkraut)",complementary,Probiotic supplements,enhancer,Sparkling water / flavored mineral water,substitute,,,Lightly Sweetened(0.8); Tropical(0.9); Vegan(0.95); Soft Drinks(0.9); Berry(0.9)
comp_f802788f0b830c84aeeb,Agua de Madre,Blood Orange Water Kefir,blood-orange-water-kefir,Agua de Madre,Soft Drinks,Kombucha & Fermented Drinks,3.3,3.3,1,GBP,330ml,"Agua de Madre Blood Orange Water Kefir is a naturally fermented beverage made from a 2000-year-old Mexican Opuntia cactus culture. This dairy-free and caffeine-free drink is bursting with billions of probiotic live cultures, supporting digestive health. It's crafted entirely from plants in East London, offering a refreshing and invigorating experience.","Kefir Culture Fermented in Filtered Water, Figs, Organic Cane Sugar, Lemons, Ginger, Blood Orange Syrup, Aromatic Bitters, Apple Cider Vinegar, Bitter Orange Extract, Bacillus Subtilis and Himalayan Salt",Ocado; Waitrose; aguademadre.co.uk,bottle,growing,premium,year-round,Health-conscious millennials,"Looking for a tasty, socially acceptable probiotic drink that supports digestion and fits a mindful, low-alcohol lifestyle.",Mindful drinkers / low-alcohol seekers,"Desire for sophisticated, low-ABV or alcohol-free alternatives for social occasions and cocktail mixing.",Wellness-oriented families and professionals,"Want convenient, pre-portioned probiotic options that are dairy-free, vegan and lower in sugar for family consumption.",Daily gut-support beverage,daily,Mindful aperitif or low-alcohol serve,weekly,Post-workout rehydration and recovery sip,weekly,On-the-go refreshment for picnics and outings,occasional,4,Cold-pressed citrus juices,complementary,Glassware (aperitif or highball glasses),accessory,"Other fermented beverages (kombucha, kefir milk)",substitute,Artisanal bitters and cocktail syrups,enhancer,,,Organic(0.75); Vegan(0.98); Citrus(0.9); Vegan(0.95); Soft Drinks(0.9)
comp_e92c3cd5a2881a45e715,Agua de Madre,Pomegranate & Hibiscus Water Kefir,pomegranate-and-hibiscus-water-kefir,Agua de Madre,Soft Drinks,Kombucha & Fermented Drinks,3.3,3.3,1,GBP,330ml,"Agua de Madre Pomegranate & Hibiscus Water Kefir is a naturally fermented beverage, crafted in East London from a 2000-year-old Mexican Opuntia cactus culture. This dairy-free and caffeine-free drink is bursting with billions of probiotic live cultures, supporting digestive health. Enjoy this invigorating drink as a refreshing and gut-friendly option.","Kefir Culture Fermented in Filtered Water, Figs*, Cane Sugar*, Lemons*, Ginger*, Pomegranate &amp; Hibiscus*, Apple Cider Vinegar*, Extracts of Pomegranate* &amp; Hibiscus*, Bacillus Subtilis* &amp; Himalayan Salt, (*Organic)",Ocado; Waitrose; aguademadre.co.uk,bottle,growing,premium,year-round,Health-conscious adults,"Seek probiotic-rich, low-intervention drinks to support gut health and replace sugary sodas.",Sober-curious and non-drinkers,"Desire a sophisticated, fermented alternative to alcoholic beverages that still provides flavor and mouthfeel.",Parents seeking better kids' drinks,"Want a flavorful, probiotic option that reduces soda intake for children and the household.",Daily gut-support drink,daily,Non-alcoholic social toast,occasional,On-the-go refreshment,weekly,,,3,Greek yogurt or dairy-free yogurt,complementary,"Fresh fruit (pomegranate, citrus)",enhancer,Sparkling water / Kombucha,substitute,,,,,Organic(0.9); Vegan(0.95)
comp_68d413ccd1f3c796120e,Dalston's,Sparkling Pineapple,sparkling-pineapple,Dalston's,Soft Drinks,Craft Soft Drinks,4.2,4.2,1,GBP,330ml,"A sparkling, chef-crafted pineapple soda made with real fruit juice for a naturally refreshing taste. It contains no added sugar or artificial sweeteners, using sparkling water, pineapple juice (16%) and white grape juice from concentrate with natural flavourings. Ideal as a lighter soft-drink alternative or a mixer for cocktails.","Sparkling Water, Pineapple Juice from Concentrate (16%), White Grape Juice from Concentrate, Natural Flavourings",Ocado; Waitrose; Tesco; Sainsbury's; dalstons.com,can,mature,premium,year-round,Health-conscious adults,"Seeks no added sugar, real fruit taste and a lighter alternative to traditional sodas",Millennial premium buyers,"Attracted by premium branding, unique flavors and 'made by chefs' storytelling",Parents seeking healthier kids' drinks,Wants a fizzy treat with no added sugar and recognizable fruit ingredients,Light mixer for cocktails,occasional,Lunch or afternoon refreshment at work,weekly,Summer picnic or BBQ thirst-quencher,seasonal,On-the-go cold beverage,daily,4,"Light spirits (rum, vodka)",complementary,Ice (bagged ice),accessory,Savory snack crisps,complementary,"Other Dalston's flavours (e.g., Rhubarb, Elderflower)",substitute,,,Craft Soda(0.9); Vegan(0.9); Soft Drinks(0.9)
comp_e6a233e03547863e37b5,Dalston's,Sparkling Cherry,sparkling-cherry,Dalston's,Soft Drinks,Craft Soft Drinks,4.2,4.2,1,GBP,330ml,"A chef-made sparkling cherry drink combining real pressed cherry and white grape juice with sparkling water for a naturally fruity soda. No added sugar or artificial ingredients, offering a low-calorie, refreshing alternative to conventional soft drinks. Best served chilled as a standalone refreshment or a mixer in cocktails.","Sparkling Water, Sweet and Sour Cherry Juices from Concentrate (14%), White Grape Juice from Concentrate, Natural Flavourings",Ocado; Waitrose; Tesco; Sainsbury's; dalstons.com,can,growing,premium,year-round,Health-conscious adults,"Want a low-calorie, no-added-sugar soda made from real fruit",Premium-oriented millennials,"Looking for premium, chef-crafted alternatives to mainstream soft drinks with eco credentials",Parents seeking kid-friendly treats,"Desire a safer, naturally sweetened fizz that still feels like a treat",Chilled refreshment on a hot day,seasonal,Mixer for light cocktails and mocktails,occasional,Beverage with lunch or light meal,weekly,,,4,Light salads and cold sandwiches,complementary,Sparkling water (unflavoured),substitute,Gin or vodka,complementary,"Ice and cocktail garnishes (fresh cherries, citrus)",enhancer,,,Craft Soda(0.9); Vegan(0.9); Soft Drinks(0.9)
comp_8fa57f07a5db80d320ac,Dalston's,Sparkling Rhubarb,sparkling-rhubarb,Dalston's,Soft Drinks,Craft Soft Drinks,4.2,4.2,1,GBP,330ml,"A naturally refreshing sparkling fruit drink made with real rhubarb and apple juice, lightly carbonated for a crisp finish. No added sugar and free from artificial sweeteners or colours, it delivers bright rhubarb flavour with minimal calories for everyday refreshment.","Sparkling Water, Apple Juice from Concentrate, Rhubarb Juice (4%), Colour (Blackcurrant Juice from Concentrate), Natural Flavourings",Ocado; Waitrose; Tesco; Sainsbury's; dalstons.com,can,growing,premium,year-round,Health-conscious adults,Wants a flavorful fizzy drink without added sugar or artificial ingredients and lower calories than regular sodas.,Foodies and craft beverage seekers,"Seeks distinctive, real-fruit flavours and brand stories that differentiate from mainstream soft drinks.",Hosts and entertainers,"Needs attractive, tasty beverages that pair well with food and cocktails for guests.",Afternoon refreshment,daily,Summer picnic or outdoor gathering,occasional,Mixer for cocktails or mocktails,weekly,Meal accompaniment,weekly,4,Artisanal crisps or light snacks,complementary,Gin or vodka (for mixing),enhancer,Sparkling water (plain),substitute,Reusable insulated cooler bag,accessory,,,Herbal and Botanical(0.85)